Workbook

Sheet 1 CRONOGRAMA
A1: NOME DO PROJETO | B1: RESPONSÁVEL | C1: EMPRESA / INSTITUIÇÃO | D1: ID | E1: ATIVIDADE | F1: RESPONSÁVEL | G1: INÍCIO PREVISTO | H1: TÉRMINO PREVISTO | I1: INÍCIO REAL | J1: TÉRMINO REAL | K1: CUSTO PREVISTO | L1: CUSTO REAL | M1: PROGRESSO % | N1: STATUS | O1: VAR. CUSTO
D2: =Z2 | N2: =IF(M2="","—",IF(M2=0,"Não iniciado",IF(M2=100,"Concluído",IF(AND(H2<>"",TODAY()>H2),"Atrasado","Em dia")))) -> — | O2: =IF(OR(K2=0,K2=""),"—",(L2-K2)/K2) -> — | Y2: 1 | Z2: =IF(E2<>"","R00" & Y2,"")
D3: =Z3 | N3: =IF(M3="","—",IF(M3=0,"Não iniciado",IF(M3=100,"Concluído",IF(AND(H3<>"",TODAY()>H3),"Atrasado","Em dia")))) -> — | O3: =IF(OR(K3=0,K3=""),"—",(L3-K3)/K3) -> — | Y3: =Y2+1 -> 2 | Z3: =IF(E3<>"","R00" & Y3,"")
A4: Obs: mantenha a ordem das planilhas (abas) | D4: =Z4 | N4: =IF(M4="","—",IF(M4=0,"Não iniciado",IF(M4=100,"Concluído",IF(AND(H4<>"",TODAY()>H4),"Atrasado","Em dia")))) -> — | O4: =IF(OR(K4=0,K4=""),"—",(L4-K4)/K4) -> — | Y4: =Y3+1 -> 3 | Z4: =IF(E4<>"","R00" & Y4,"")
A5: Edite apenas os campos necessários. | D5: =Z5 | N5: =IF(M5="","—",IF(M5=0,"Não iniciado",IF(M5=100,"Concluído",IF(AND(H5<>"",TODAY()>H5),"Atrasado","Em dia")))) -> — | O5: =IF(OR(K5=0,K5=""),"—",(L5-K5)/K5) -> — | Y5: =Y4+1 -> 4 | Z5: =IF(E5<>"","R00" & Y5,"")
D6: =Z6 | N6: =IF(M6="","—",IF(M6=0,"Não iniciado",IF(M6=100,"Concluído",IF(AND(H6<>"",TODAY()>H6),"Atrasado","Em dia")))) -> — | O6: =IF(OR(K6=0,K6=""),"—",(L6-K6)/K6) -> — | Y6: =Y5+1 -> 5 | Z6: =IF(E6<>"","R00" & Y6,"")
D7: =Z7 | N7: =IF(M7="","—",IF(M7=0,"Não iniciado",IF(M7=100,"Concluído",IF(AND(H7<>"",TODAY()>H7),"Atrasado","Em dia")))) -> — | O7: =IF(OR(K7=0,K7=""),"—",(L7-K7)/K7) -> — | Y7: =Y6+1 -> 6 | Z7: =IF(E7<>"","R00" & Y7,"")
D8: =Z8 | N8: =IF(M8="","—",IF(M8=0,"Não iniciado",IF(M8=100,"Concluído",IF(AND(H8<>"",TODAY()>H8),"Atrasado","Em dia")))) -> — | O8: =IF(OR(K8=0,K8=""),"—",(L8-K8)/K8) -> — | Y8: =Y7+1 -> 7 | Z8: =IF(E8<>"","R00" & Y8,"")
D9: =Z9 | N9: =IF(M9="","—",IF(M9=0,"Não iniciado",IF(M9=100,"Concluído",IF(AND(H9<>"",TODAY()>H9),"Atrasado","Em dia")))) -> — | O9: =IF(OR(K9=0,K9=""),"—",(L9-K9)/K9) -> — | Y9: =Y8+1 -> 8 | Z9: =IF(E9<>"","R00" & Y9,"")
D10: =Z10 | N10: =IF(M10="","—",IF(M10=0,"Não iniciado",IF(M10=100,"Concluído",IF(AND(H10<>"",TODAY()>H10),"Atrasado","Em dia")))) -> — | O10: =IF(OR(K10=0,K10=""),"—",(L10-K10)/K10) -> — | Y10: =Y9+1 -> 9 | Z10: =IF(E10<>"","R00" & Y10,"")
D11: =Z11 | N11: =IF(M11="","—",IF(M11=0,"Não iniciado",IF(M11=100,"Concluído",IF(AND(H11<>"",TODAY()>H11),"Atrasado","Em dia")))) -> — | O11: =IF(OR(K11=0,K11=""),"—",(L11-K11)/K11) -> — | Y11: =Y10+1 -> 10 | Z11: =IF(E11<>"","R0" & Y11,"")
D12: =Z12 | N12: =IF(M12="","—",IF(M12=0,"Não iniciado",IF(M12=100,"Concluído",IF(AND(H12<>"",TODAY()>H12),"Atrasado","Em dia")))) -> — | O12: =IF(OR(K12=0,K12=""),"—",(L12-K12)/K12) -> — | Y12: =Y11+1 -> 11 | Z12: =IF(E12<>"","R0" & Y12,"")
D13: =Z13 | N13: =IF(M13="","—",IF(M13=0,"Não iniciado",IF(M13=100,"Concluído",IF(AND(H13<>"",TODAY()>H13),"Atrasado","Em dia")))) -> — | O13: =IF(OR(K13=0,K13=""),"—",(L13-K13)/K13) -> — | Y13: =Y12+1 -> 12 | Z13: =IF(E13<>"","R0" & Y13,"")
D14: =Z14 | N14: =IF(M14="","—",IF(M14=0,"Não iniciado",IF(M14=100,"Concluído",IF(AND(H14<>"",TODAY()>H14),"Atrasado","Em dia")))) -> — | O14: =IF(OR(K14=0,K14=""),"—",(L14-K14)/K14) -> — | Y14: =Y13+1 -> 13 | Z14: =IF(E14<>"","R0" & Y14,"")
D15: =Z15 | N15: =IF(M15="","—",IF(M15=0,"Não iniciado",IF(M15=100,"Concluído",IF(AND(H15<>"",TODAY()>H15),"Atrasado","Em dia")))) -> — | O15: =IF(OR(K15=0,K15=""),"—",(L15-K15)/K15) -> — | Y15: =Y14+1 -> 14 | Z15: =IF(E15<>"","R0" & Y15,"")
D16: =Z16 | N16: =IF(M16="","—",IF(M16=0,"Não iniciado",IF(M16=100,"Concluído",IF(AND(H16<>"",TODAY()>H16),"Atrasado","Em dia")))) -> — | O16: =IF(OR(K16=0,K16=""),"—",(L16-K16)/K16) -> — | Y16: =Y15+1 -> 15 | Z16: =IF(E16<>"","R0" & Y16,"")
D17: =Z17 | N17: =IF(M17="","—",IF(M17=0,"Não iniciado",IF(M17=100,"Concluído",IF(AND(H17<>"",TODAY()>H17),"Atrasado","Em dia")))) -> — | O17: =IF(OR(K17=0,K17=""),"—",(L17-K17)/K17) -> — | Y17: =Y16+1 -> 16 | Z17: =IF(E17<>"","R0" & Y17,"")
D18: =Z18 | N18: =IF(M18="","—",IF(M18=0,"Não iniciado",IF(M18=100,"Concluído",IF(AND(H18<>"",TODAY()>H18),"Atrasado","Em dia")))) -> — | O18: =IF(OR(K18=0,K18=""),"—",(L18-K18)/K18) -> — | Y18: =Y17+1 -> 17 | Z18: =IF(E18<>"","R0" & Y18,"")
D19: =Z19 | N19: =IF(M19="","—",IF(M19=0,"Não iniciado",IF(M19=100,"Concluído",IF(AND(H19<>"",TODAY()>H19),"Atrasado","Em dia")))) -> — | O19: =IF(OR(K19=0,K19=""),"—",(L19-K19)/K19) -> — | Y19: =Y18+1 -> 18 | Z19: =IF(E19<>"","R0" & Y19,"")
D20: =Z20 | N20: =IF(M20="","—",IF(M20=0,"Não iniciado",IF(M20=100,"Concluído",IF(AND(H20<>"",TODAY()>H20),"Atrasado","Em dia")))) -> — | O20: =IF(OR(K20=0,K20=""),"—",(L20-K20)/K20) -> — | Y20: =Y19+1 -> 19 | Z20: =IF(E20<>"","R0" & Y20,"")
D21: =Z21 | N21: =IF(M21="","—",IF(M21=0,"Não iniciado",IF(M21=100,"Concluído",IF(AND(H21<>"",TODAY()>H21),"Atrasado","Em dia")))) -> — | O21: =IF(OR(K21=0,K21=""),"—",(L21-K21)/K21) -> — | Y21: =Y20+1 -> 20 | Z21: =IF(E21<>"","R0" & Y21,"")
D22: =Z22 | N22: =IF(M22="","—",IF(M22=0,"Não iniciado",IF(M22=100,"Concluído",IF(AND(H22<>"",TODAY()>H22),"Atrasado","Em dia")))) -> — | O22: =IF(OR(K22=0,K22=""),"—",(L22-K22)/K22) -> — | Y22: =Y21+1 -> 21 | Z22: =IF(E22<>"","R0" & Y22,"")
... D261: =Z261 | N261: =IF(M261="","—",IF(M261=0,"Não iniciado",IF(M261=100,"Concluído",IF(AND(H261<>"",TODAY()>H261),"Atrasado","Em dia")))) -> — | O261: =IF(OR(K261=0,K261=""),"—",(L261-K261)/K261) -> — | Y261: =Y260+1 -> 260 | Z261: =IF(E261<>"","R0" & Y261,"")
D262: =Z262 | N262: =IF(M262="","—",IF(M262=0,"Não iniciado",IF(M262=100,"Concluído",IF(AND(H262<>"",TODAY()>H262),"Atrasado","Em dia")))) -> — | O262: =IF(OR(K262=0,K262=""),"—",(L262-K262)/K262) -> —
A264: Project Wagner BI · ramoswagner.github.io/gestaodecronograma · @engwagnerramos

Sheet 2 INSTRUÇÕES
A2: Project Wagner BI — Modelo de Cronograma
A3: Como usar este arquivo e conectar ao dashboard
B6: 📋 PASSO 1 — Preencha a aba CRONOGRAMA
C7: • Linha 1: cabeçalhos (já preenchidos — não altere)
C8: • Linha 2: informe o Nome do Projeto (col. A), Responsável (col. B) e Empresa (col. C)
C9: • A partir da linha 2, nas colunas D a M, preencha cada atividade do projeto
C10: • Deixe as células de Custo Real e Término Real em branco enquanto a atividade não iniciar
B12: 🌐 PASSO 2 — Publique no Google Sheets
C13: • Faça upload deste arquivo para o Google Drive ou copie os dados para um Google Sheets
C14: • No Google Sheets: Arquivo → Compartilhar → Publicar na web
C15: • Selecione a aba Cronograma e o formato: Valores separados por vírgula (.csv)
C16: • Clique em Publicar e copie o link gerado
B18: 🔗 PASSO 3 — Conecte ao Dashboard
C19: • Acesse: ramoswagner.github.io/WagnerStrategicCommand
C20: • Clique em Conectar Planilha → cole o link CSV copiado
C21: • O painel carrega automaticamente com auto-refresh!
B23: 📊 ESTRUTURA DAS COLUNAS (aba CRONOGRAMA)
B24: Col. A | C24: Nome do Projeto | D24: Linha 2 apenas. Ex: Sistema ERP Municipal
B25: Col. B | C25: Responsável | D25: Linha 2 apenas. Ex: Ana Lima
B26: Col. C | C26: Empresa | D26: Linha 2 apenas. Ex: Prefeitura de BH
B27: Col. D | C27: ID | D27: Número sequencial da atividade: 1, 2, 3...
B28: Col. E | C28: Atividade | D28: Nome da atividade. Ex: Levantamento de Requisitos
B29: Col. F | C29: Responsável | D29: Responsável por essa atividade específica
B30: Col. G | C30: Início Previsto | D30: Data de início planejada. Formato: DD/MM/AAAA
B31: Col. H | C31: Término Previsto | D31: Data de término planejada. Formato: DD/MM/AAAA
B32: Col. I | C32: Início Real | D32: Data em que a atividade realmente começou
B33: Col. J | C33: Término Real | D33: Data em que a atividade foi concluída (deixe vazio se em andamento)
B34: Col. K | C34: Custo Previsto | D34: Valor orçado para a atividade. Somente números. Ex: 5000
B35: Col. L | C35: Custo Real | D35: Custo real até o momento. Deixe 0 se não iniciada
B36: Col. M | C36: Progresso (%) | D36: Percentual concluído: 0 = não iniciado, 100 = concluído
B39: 💡 Dica: O progresso de 0% = Não iniciado | 1-99% = Em andamento | 100% = Concluído. O dashboard classifica automaticamente o status.

Sheet 3 RESUMO
A2: RESUMO EXECUTIVO DO PROJETO
A6: =SUM('1 CRONOGRAMA'!K2:K262) -> 0 | D6: =SUM('1 CRONOGRAMA'!L2:L262) -> 0 | G6: =IFERROR(AVERAGEIF('1 CRONOGRAMA'!M2:M262,"<>0",'1 CRONOGRAMA'!M2:M262),0) -> 0 | J6: =COUNTA('1 CRONOGRAMA'!E2:E262) -> 0
A7: Orçamento Previsto | D7: Custo Real Acumulado | G7: Progresso Médio | J7: Total de Atividades
A13: =COUNTIF('1 CRONOGRAMA'!N2:N262,"Concluído") -> 0 | D13: =COUNTIF('1 CRONOGRAMA'!N2:N262,"Em dia") -> 0 | G13: =COUNTIF('1 CRONOGRAMA'!N2:N262,"Não iniciado") -> 0 | J13: =COUNTIF('1 CRONOGRAMA'!N2:N262,"Atrasado") -> 0
A14: Atividades Concluídas | D14: Em Andamento | G14: Não Iniciadas | J14: Atrasadas
A25: ⚡ Conecte esta planilha ao dashboard em: ramoswagner.github.io/WagnerStrategicCommand
